"","system","class"
"1","An-26 transport aircraft","Aircraft"
"5","Il-76 transport aircraft","Aircraft"
"6","MiG-29 fighter aircraft","Aircraft"
"7","MiG-31BM fighter aircraft","Aircraft"
"8","Su-24M strike aircraft","Aircraft"
"9","Su-24M/MR strike/tactical reconnaissance aircraft","Aircraft"
"10","Su-24MR tactical reconnaissance aircraft","Aircraft"
"11","Su-25 close air support aircraft","Aircraft"
"15","Su-27 fighter aircraft","Aircraft"
"16","Su-30SM multirole aircraft","Aircraft"
"17","Su-34 strike aircraft","Aircraft"
"18","Su-34M strike aircraft","Aircraft"
"19","Su-35S multirole aircraft","Aircraft"
"20","Tu-22M3 strategic bomber","Aircraft"
"21","Tu-95MS strategic bomber","Aircraft"
"22","Unknown fighter/strike aircraft","Aircraft"
"23","Unknown Su-30/Su-34/Su-35","Aircraft"
"24","Il-22 airborne command post","Aircraft"
"25","Su-27 multirole aircraft","Aircraft"
"26","23mm 23 ItK 61","Anti-Aircraft Guns"
"27","23mm ZU-23","Anti-Aircraft Guns"
"28","23mm ZU-23-2","Anti-Aircraft Guns"
"29","2S1 with ZU-23 AA gun","Armoured Fighting Vehicles"
"30","BMM-4C Ambulance","Armoured Fighting Vehicles"
"31","BMM-70 Ambulance","Armoured Fighting Vehicles"
"32","BRDM-2","Armoured Fighting Vehicles"
"36","BRDM-2-based ZS-82 PsyOps vehicle","Armoured Fighting Vehicles"
"37","BRDM-2L1","Armoured Fighting Vehicles"
"38","BRDM-2RKhb chemical reconnaissance vehicle","Armoured Fighting Vehicles"
"42","BRM-1K reconnaissance vehicle","Armoured Fighting Vehicles"
"44","BTR-80-based ZS-88 PsyOps vehicle","Armoured Fighting Vehicles"
"45","BTR-D","Armoured Fighting Vehicles"
"47","BTS-4 ARV with ZU-23 AA gun","Armoured Fighting Vehicles"
"48","GAZ-3344-20 'Aleut' articulated tracked carrier","Armoured Fighting Vehicles"
"49","MT-LB","Armoured Fighting Vehicles"
"53","MT-LB with ZU-23 AA gun","Armoured Fighting Vehicles"
"57","MT-LB-S Ambulance","Armoured Fighting Vehicles"
"58","MT-LBu","Armoured Fighting Vehicles"
"62","MT-LBVM and MT-LBVMK","Armoured Fighting Vehicles"
"63","MT-T multi-purpose tracked transporter","Armoured Fighting Vehicles"
"64","Unknown AFV","Armoured Fighting Vehicles"
"68","Unknown BTR-D/BMD-2","Armoured Fighting Vehicles"
"69","Vepr","Armoured Fighting Vehicles"
"70","Vityaz DT-10PM articulated tracked carrier","Armoured Fighting Vehicles"
"71","Vityaz DT-30 articulated tracked carrier","Armoured Fighting Vehicles"
"72","BMM-80 ambulance","Armoured Fighting Vehicles"
"73","BMPT Terminator","Armoured Fighting Vehicles"
"74","BRM-1(K) reconnaissance vehicle","Armoured Fighting Vehicles"
"75","BRM-1K Obr. 2021","Armoured Fighting Vehicles"
"76","MT-LB with 14.5mm 2M-7 naval gun mount","Armoured Fighting Vehicles"
"77","MT-LB with BPU-1 turret","Armoured Fighting Vehicles"
"78","BTR-60PB","Armoured Personnel Carriers"
"82","BTR-7","Armoured Personnel Carriers"
"83","BTR-70","Armoured Personnel Carriers"
"87","BTR-70M","Armoured Personnel Carriers"
"91","BTR-80","Armoured Personnel Carriers"
"95","BTR-80M","Armoured Personnel Carriers"
"96","BTR-D","Armoured Personnel Carriers"
"98","BTR-MDM 'Rakushka'","Armoured Personnel Carriers"
"99","GT-MU AFV converted to APC","Armoured Personnel Carriers"
"100","M113","Armoured Personnel Carriers"
"101","Remdiesel Z-STS Akhmat","Armoured Personnel Carriers"
"102","Sisu XA-185","Armoured Personnel Carriers"
"103","Unknown BTR","Armoured Personnel Carriers"
"104","Unknown BTR-80/BTR-82A","Armoured Personnel Carriers"
"105","Ural-4320VV","Armoured Personnel Carriers"
"106","YPR-765","Armoured Personnel Carriers"
"107","BTR-MDM Rakushka","Armoured Personnel Carriers"
"108","FV103 Spartan","Armoured Personnel Carriers"
"109","M113AS4","Armoured Personnel Carriers"
"110","M113G3DK/G4DK","Armoured Personnel Carriers"
"111","Mara-2M","Armoured Personnel Carriers"
"112","VAB","Armoured Personnel Carriers"
"113","152mm D-20 gun-howitzer","Artillery Support Vehicles And Equipment"
"115","1V1003 command and observation vehicle (for 1V198 artillery fire control system)","Artillery Support Vehicles And Equipment"
"116","1V110 BM-21 Grad battery command vehicle","Artillery Support Vehicles And Equipment"
"117","1V13 battery command and forward observer vehicle","Artillery Support Vehicles And Equipment"
"118","1V13(M) battery fire control center","Artillery Support Vehicles And Equipment"
"119","1V14 battery command and forward observer vehicle","Artillery Support Vehicles And Equipment"
"123","1V15 battery command and forward observer vehicle","Artillery Support Vehicles And Equipment"
"124","1V15M fire control and observation vehicle","Artillery Support Vehicles And Equipment"
"125","1V16 battalion fire direction vehicle","Artillery Support Vehicles And Equipment"
"126","1V16M artillery battalion command and staff vehicle","Artillery Support Vehicles And Equipment"
"127","1V18 'Klyon-1' artillery command and forward observer vehicle","Artillery Support Vehicles And Equipment"
"131","2F77M transloading vehicle for 2K22M Tunguska-M","Artillery Support Vehicles And Equipment"
"132","9T452 transporter-loader (for BM-27 'Uragan' MRL)","Artillery Support Vehicles And Equipment"
"136","PRP-4A Argus artillery reconnaissance vehicle","Artillery Support Vehicles And Equipment"
"137","TZM-T reloader vehicle (for TOS-1A)","Artillery Support Vehicles And Equipment"
"138","V119 artillery fire direction vehicle","Artillery Support Vehicles And Equipment"
"139","1V119 artillery fire direction vehicle","Artillery Support Vehicles And Equipment"
"140","PRP-4(M) artillery reconnaissance vehicle","Artillery Support Vehicles And Equipment"
"141","TZM 9T234-2 transporter-loader (for BM-30 Smerch)","Artillery Support Vehicles And Equipment"
"142","9S470M1 (or variant thereof) command post (for Buk-M1/2)","Command Posts And Communications Stations"
"143","9S470M1 command vehicle for Buk-M1","Command Posts And Communications Stations"
"144","9S932-2 intelligence, control and command vehicle (for Barnaul-T)","Command Posts And Communications Stations"
"145","APE-5 command post","Command Posts And Communications Stations"
"146","Auriga-1.2V portable satellite communications station","Command Posts And Communications Stations"
"147","Barnaul-T 9 C932-1 automated system for air defence units","Command Posts And Communications Stations"
"148","BMD-1KSh-A command vehicle","Command Posts And Communications Stations"
"149","BMP-1KSh command and staff vehicle","Command Posts And Communications Stations"
"153","BTR-60PU-12 air defence command vehicle","Command Posts And Communications Stations"
"154","BTR-60PU-12M air defence command vehicle","Command Posts And Communications Stations"
"155","Command vehicle for Podlet-K1 low-altitude S-band surveillance radar","Command Posts And Communications Stations"
"156","K1Sh1 command and staff vehicle","Command Posts And Communications Stations"
"157","MP-1IM signals vehicle","Command Posts And Communications Stations"
"158","MP-2IM signals vehicle","Command Posts And Communications Stations"
"159","Orlan-10 UAV control station","Command Posts And Communications Stations"
"160","P-230T command vehicle","Command Posts And Communications Stations"
"161","P-240 digital communications vehicle","Command Posts And Communications Stations"
"162","P-260 Redut-2US communication system","Command Posts And Communications Stations"
"163","P-260-U signals vehicle (for Redut-2US signal and communications system)","Command Posts And Communications Stations"
"164","R-145BM command vehicle","Command Posts And Communications Stations"
"168","R-145BM1 command vehicle","Command Posts And Communications Stations"
"169","R-145BMA command vehicle","Command Posts And Communications Stations"
"170","R-149AKSh-1 command and signals vehicle","Command Posts And Communications Stations"
"171","R-149MA1 command and staff vehicle","Command Posts And Communications Stations"
"172","R-149MA3 command and staff vehicle","Command Posts And Communications Stations"
"173","R-166-0.5 signals vehicle","Command Posts And Communications Stations"
"174","R-381T2M 1.5-3000 MHz radio monitoring station from a modernised R-381TM Taran-M automatic signals intelligence complex","Command Posts And Communications Stations"
"175","R-405M radio station vehicle","Command Posts And Communications Stations"
"176","R-409A radio station vehicle","Command Posts And Communications Stations"
"177","R-419L1 communications station","Command Posts And Communications Stations"
"178","R-431AM antenna module for the Redut-2US communications system","Command Posts And Communications Stations"
"179","R-439-MD2 SatCom Station","Command Posts And Communications Stations"
"180","R-441 SatCom station","Command Posts And Communications Stations"
"181","Radio relay station for the TB2 UCAV","Command Posts And Communications Stations"
"182","Unknown communications station","Command Posts And Communications Stations"
"183","Unknown communications station based on the KamAZ 6x6","Command Posts And Communications Stations"
"184","BTR-60PU-12command vehicle","Command Posts And Communications Stations"
"185","BTR-70DI-02 'Svityaz' command and staff vehicle","Command Posts And Communications Stations"
"186","MPUS-K mobile command post","Command Posts And Communications Stations"
"187","R-142N command and staff vehicle","Command Posts And Communications Stations"
"188","R-381T2M radio monitoring station from a modernised R-381TM Taran-M automatic signals intelligence complex","Command Posts And Communications Stations"
"189","APA-80 engine starting vehicle","Engineering Vehicles And Equipment"
"190","ARS-14 decontamination and degassing vehicle","Engineering Vehicles And Equipment"
"192","BAT-2 heavy engineering vehicle","Engineering Vehicles And Equipment"
"196","BMK-130M/BMK-150 towing and motor boat","Engineering Vehicles And Equipment"
"197","BMK-460 towing and motor boat","Engineering Vehicles And Equipment"
"199","BMK-MO towing and motor boat","Engineering Vehicles And Equipment"
"200","BMK-MT towing and motor boat","Engineering Vehicles And Equipment"
"201","BREM-1 armoured recovery vehicle","Engineering Vehicles And Equipment"
"205","BREM-2 armoured recovery vehicle","Engineering Vehicles And Equipment"
"206","BREM-Ch ''BREM-4'' armoured recovery vehicle","Engineering Vehicles And Equipment"
"210","BREM-D armoured recovery vehicle","Engineering Vehicles And Equipment"
"211","BREM-K armoured recovery vehicle","Engineering Vehicles And Equipment"
"212","BTS-4 armoured recovery vehicle","Engineering Vehicles And Equipment"
"213","BTS-4A armoured recovery vehicle","Engineering Vehicles And Equipment"
"214","ED2x30-T400-3RA mobile generator","Engineering Vehicles And Equipment"
"215","GMZ-3 minelayer","Engineering Vehicles And Equipment"
"219","IMR-2 combat engineering vehicle","Engineering Vehicles And Equipment"
"220","IMR-2(M) combat engineering vehicle","Engineering Vehicles And Equipment"
"221","IMR-3M combat engineering vehicle","Engineering Vehicles And Equipment"
"222","IRM 'Zhuk' Engineer Reconnaissance Vehicle","Engineering Vehicles And Equipment"
"223","KamAZ KMV-10V boom crane truck","Engineering Vehicles And Equipment"
"224","KamAZ-5350 with EOV-3523 excavator","Engineering Vehicles And Equipment"
"225","KamAZ-5350 with KS-45719-7M crane","Engineering Vehicles And Equipment"
"226","KamAZ-63501 with KS-55729-7M 32-ton crane","Engineering Vehicles And Equipment"
"227","KrAZ-255B","Engineering Vehicles And Equipment"
"229","KrAZ-255B pontoon bridge layer","Engineering Vehicles And Equipment"
"230","KrAZ-255B with excavator","Engineering Vehicles And Equipment"
"234","KrAZ-260","Engineering Vehicles And Equipment"
"235","KrAZ-260 pontoon bridge layer","Engineering Vehicles And Equipment"
"236","MDK-3 trench-digging vehicle","Engineering Vehicles And Equipment"
"240","Mobile generator for Podlet-K1 low-altitude S-band surveillance radar","Engineering Vehicles And Equipment"
"241","MTO-AG-3M","Engineering Vehicles And Equipment"
"242","MTO-AT mobile workshop","Engineering Vehicles And Equipment"
"246","MTO-UB1 maintenance vehicle","Engineering Vehicles And Equipment"
"247","MTP-A2 recovery vehicle","Engineering Vehicles And Equipment"
"248","MTP-A2.1 recovery vehicle","Engineering Vehicles And Equipment"
"249","MTU-72 bridge layer","Engineering Vehicles And Equipment"
"250","PMP floating bridge","Engineering Vehicles And Equipment"
"254","Pontoon bridge","Engineering Vehicles And Equipment"
"258","PP-2005 floating bridge","Engineering Vehicles And Equipment"
"259","PTS-2 tracked amphibious transport","Engineering Vehicles And Equipment"
"263","PZM-2 trench-digging vehicle","Engineering Vehicles And Equipment"
"265","REM-KL recovery vehicle","Engineering Vehicles And Equipment"
"266","RKhM 'Kashalot'","Engineering Vehicles And Equipment"
"267","RKhM-6 CBRN reconnaissance vehicle","Engineering Vehicles And Equipment"
"268","RKhM-6 Povozka","Engineering Vehicles And Equipment"
"269","T-64 mine clearing roller tank","Engineering Vehicles And Equipment"
"270","TMM-3 bridge layer","Engineering Vehicles And Equipment"
"271","TMM-3M1 bridge layer","Engineering Vehicles And Equipment"
"272","UMP-350 engine heater","Engineering Vehicles And Equipment"
"273","UR-67 mine clearing charge on BTR-D APC","Engineering Vehicles And Equipment"
"274","UR-77 'Meteorit' mine clearing vehicle","Engineering Vehicles And Equipment"
"275","Ural-4320 KET-L recovery vehicle","Engineering Vehicles And Equipment"
"279","Ural-4320 KT-L recovery vehicle","Engineering Vehicles And Equipment"
"281","Ural-4320 with excavator","Engineering Vehicles And Equipment"
"282","Ural-4320 with KS-3574M3 or KS-3574M crane","Engineering Vehicles And Equipment"
"283","Uran-6 mine-clearing robotic system","Engineering Vehicles And Equipment"
"284","IRM 'Zhuk' engineer reconnaissance vehicle","Engineering Vehicles And Equipment"
"285","ISDM Zemledeliye remote mine-laying system","Engineering Vehicles And Equipment"
"286","KrAZ-6322 Master mobile workshop","Engineering Vehicles And Equipment"
"287","MZA-M.1 battery charge and repair workshop","Engineering Vehicles And Equipment"
"288","RKhM-6 Povozka CBRN reconnaissance vehicle","Engineering Vehicles And Equipment"
"289","TDA-3 mobile smoke generator","Engineering Vehicles And Equipment"
"292","Ka-52 'Alligator' attack helicopter","Helicopters"
"293","Mi-14 maritime helicopter","Helicopters"
"294","Mi-2 training helicopter","Helicopters"
"295","Mi-24 attack helicopter","Helicopters"
"296","Mi-24P attack helicopter","Helicopters"
"300","Mi-24P/35M attack helicopter","Helicopters"
"301","Mi-24V/P attack helicopter","Helicopters"
"302","Mi-28 attack helicopter","Helicopters"
"303","Mi-35M attack helicopter","Helicopters"
"304","Mi-8 transport helicopter","Helicopters"
"308","Unknown helicopter","Helicopters"
"309","Airbus H225 transport helicopter","Helicopters"
"310","Mi-24V/P/35M attack helicopter","Helicopters"
"311","BMD-4M","Infantry Fighting Vehicles"
"312","BMO-T","Infantry Fighting Vehicles"
"313","BMP-1(P)","Infantry Fighting Vehicles"
"317","BMP-1AM","Infantry Fighting Vehicles"
"318","BMP-1TS","Infantry Fighting Vehicles"
"319","BMP-1U 'Shkval'","Infantry Fighting Vehicles"
"320","BMP-2 675-sb3KDZ","Infantry Fighting Vehicles"
"321","BMP-2(K)","Infantry Fighting Vehicles"
"325","BMP-2M","Infantry Fighting Vehicles"
"326","BMP-3","Infantry Fighting Vehicles"
"327","BTR-3","Infantry Fighting Vehicles"
"328","BTR-4","Infantry Fighting Vehicles"
"329","BTR-82A(M)","Infantry Fighting Vehicles"
"330","BTR-ZD:","Infantry Fighting Vehicles"
"331","BVP M-80A","Infantry Fighting Vehicles"
"333","MT-LBM 6MB","Infantry Fighting Vehicles"
"334","Pbv 501A","Infantry Fighting Vehicles"
"335","Unknown BMP-1/2","Infantry Fighting Vehicles"
"339","BMP-2M Berezhok","Infantry Fighting Vehicles"
"340","BMP-3 688M sb. 3KDZ","Infantry Fighting Vehicles"
"341","PRP-3 with a BMD-2 turret","Infantry Fighting Vehicles"
"342","AMN-590951","Infantry Mobility Vehicles"
"343","AT105A Saxon","Infantry Mobility Vehicles"
"344","GAZ Tigr","Infantry Mobility Vehicles"
"345","GAZ Tigr-M","Infantry Mobility Vehicles"
"346","HMMWV Ambulance","Infantry Mobility Vehicles"
"347","Husky Tactical Support Vehicle","Infantry Mobility Vehicles"
"348","Iveco LMV","Infantry Mobility Vehicles"
"349","Iveco LMV Rys","Infantry Mobility Vehicles"
"350","Kozak-2","Infantry Mobility Vehicles"
"351","Kozak-2M1","Infantry Mobility Vehicles"
"352","Kozak-5","Infantry Mobility Vehicles"
"353","KrAZ Cobra","Infantry Mobility Vehicles"
"354","KrAZ Cougar","Infantry Mobility Vehicles"
"355","KrAZ Spartan","Infantry Mobility Vehicles"
"356","M1114 and M1151 HMMWV","Infantry Mobility Vehicles"
"357","M1152 HMMWV","Infantry Mobility Vehicles"
"358","M998 HMMWV","Infantry Mobility Vehicles"
"359","MSh-5350.1 command vehicle","Infantry Mobility Vehicles"
"360","MSL Shield","Infantry Mobility Vehicles"
"361","Novator","Infantry Mobility Vehicles"
"362","Triton-1","Infantry Mobility Vehicles"
"363","Varta","Infantry Mobility Vehicles"
"364","GAZ-3937 Vodnik","Infantry Mobility Vehicles"
"365","INKAS Titan-S","Infantry Mobility Vehicles"
"366","Kozak-7","Infantry Mobility Vehicles"
"367","MLS Shield","Infantry Mobility Vehicles"
"368","Panthera T6","Infantry Mobility Vehicles"
"369","Roshel Senator","Infantry Mobility Vehicles"
"370","Unknown IMV","Infantry Mobility Vehicles"
"371","L262E Rtut-BM","Jammers And Deception Systems"
"372","Leer-2 electronic warfare system","Jammers And Deception Systems"
"373","NOTA","Jammers And Deception Systems"
"374","R-330BMV Borisoglebsk-2B","Jammers And Deception Systems"
"375","R-330ZH Zhitel","Jammers And Deception Systems"
"376","RB-636AM2 Svet-KU EW system","Jammers And Deception Systems"
"377","RL257 Krasukha-4 (command post)","Jammers And Deception Systems"
"378","RLK-MC-A (ROSC-1) counter-UAV system","Jammers And Deception Systems"
"379","Silok-01 counter-UAV system","Jammers And Deception Systems"
"380","Torn(-MDM)","Jammers And Deception Systems"
"381","Unknown EW system","Jammers And Deception Systems"
"382","1L262E Rtut-BM","Jammers And Deception Systems"
"383","1RL257 Krasukha-4 (command post)","Jammers And Deception Systems"
"384","Leer-3 electronic warfare system","Jammers And Deception Systems"
"385","Palantin electronic warfare system","Jammers And Deception Systems"
"386","R-330BMV and R-394BMV Borisoglebsk-2B","Jammers And Deception Systems"
"387","R-934B 'Sinitsa' automated jamming station","Jammers And Deception Systems"
"388","R-934UM","Jammers And Deception Systems"
"389","Strizh-3 counter-UAV system","Jammers And Deception Systems"
"390","Alvis 4 'Mamba'","Mine-Resistant Ambush Protected (MRAP) Vehicles"
"391","BMC Kirpi","Mine-Resistant Ambush Protected (MRAP) Vehicles"
"392","BPM-97 Vystrel","Mine-Resistant Ambush Protected (MRAP) Vehicles"
"393","Bushmaster Protected Mobility Vehicle","Mine-Resistant Ambush Protected (MRAP) Vehicles"
"394","International M1224 MaxxPro","Mine-Resistant Ambush Protected (MRAP) Vehicles"
"395","K-53949 Linza","Mine-Resistant Ambush Protected (MRAP) Vehicles"
"396","K-53949 Typhoon-K","Mine-Resistant Ambush Protected (MRAP) Vehicles"
"397","KamAZ-435029 Patrol-A","Mine-Resistant Ambush Protected (MRAP) Vehicles"
"398","KamAZ-63968 Typhoon","Mine-Resistant Ambush Protected (MRAP) Vehicles"
"399","KrAZ-MPV Shrek One","Mine-Resistant Ambush Protected (MRAP) Vehicles"
"400","Mastiff Protected Patrol","Mine-Resistant Ambush Protected (MRAP) Vehicles"
"401","Wolfhound Protected Patrol","Mine-Resistant Ambush Protected (MRAP) Vehicles"
"402","ATF Dingo","Mine-Resistant Ambush Protected (MRAP) Vehicles"
"403","122mm 2B17 Tornado-G","Multiple Rocket Launchers"
"404","122mm 9P138 Grad-1","Multiple Rocket Launchers"
"405","122mm Bastion-1","Multiple Rocket Launchers"
"406","122mm BM-21 Grad","Multiple Rocket Launchers"
"410","220mm BM-27 Uragan","Multiple Rocket Launchers"
"414","220mm Bureviy","Multiple Rocket Launchers"
"415","220mm TOS-1A","Multiple Rocket Launchers"
"416","300mm BM-30 Smerch","Multiple Rocket Launchers"
"417","80mm B-8 makeshift MRL","Multiple Rocket Launchers"
"418","Unknown MRL","Multiple Rocket Launchers"
"419","122mm 2B26 Grad-K","Multiple Rocket Launchers"
"420","122mm RM-70","Multiple Rocket Launchers"
"421","Project 376 Yaroslavets-class general purpose tugboat","Naval Ships"
"422","Project 50030 Kalkan class patrol boat (Sea Guard)","Naval Ships"
"423","UMS-1000 patrol boat (Sea Guard)","Naval Ships"
"424","UMS-600 patrol boat (Sea Guard)","Naval Ships"
"425","Unknown patrol boat (Sea Guard)","Naval Ships"
"426","Gyurza-M-class gunboat","Naval Ships"
"427","Island-class patrol boat P190 Slovyansk","Naval Ships"
"428","Krivak III-class frigate 'Hetman Sahaydachniy'","Naval Ships"
"429","Pr.304 Amur-class command ship 'Donbas' ''U-500''","Naval Ships"
"430","Project 02510 BK-16E high-speed assault boat","Naval Ships"
"431","Project 03160 Raptor-class patrol boat","Naval Ships"
"432","Project 1164 Slava-class guided missile cruiser 'Moskva'","Naval Ships"
"433","Project 1171 Tapir-class landing ship 'Saratov (BDK-65)'","Naval Ships"
"434","Project 11770 Serna-class landing craft","Naval Ships"
"435","Project 1258 Yevgenya-class minesweeper 'Henichesk'","Naval Ships"
"436","Project 22870 SB-739 Vasily Bekh rescue tug","Naval Ships"
"437","Project 266M Natya-class minesweeper","Naval Ships"
"438","Project 58181 Centaur-class fast assault boat","Naval Ships"
"439","Project 775 Ropucha-class landing ship","Naval Ships"
"440","Small patrol boats (Sea Guard)","Naval Ships"
"441","Sorum-class seagoing tugboat 'Korets' ''A830 or P186''","Naval Ships"
"442","Stenka-class patrol boat (Operated by the Sea Guard)","Naval Ships"
"443","UMS 600 patrol boat","Naval Ships"
"444","Zhuk-class patrol boat (Sea Guard)","Naval Ships"
"445","1L119 Nebo-SVU VHF multi-functional radar","Radars"
"446","1L219 (for Zoopark counter-battery radar complex)","Radars"
"447","1L271 Aistyonok portable mortar locating reconnaissance radar","Radars"
"448","1RL239 Ark-1(M) counter-battery radar","Radars"
"449","9S18 Kupol TUBE ARM search and acquisition radar (for Buk-M2)","Radars"
"450","Repeynik portable counter-UAS radar","Radars"
"451","1L261 (for 1L260 Zoopark-1M counter-battery radar complex)","Radars"
"452","1L271 portable mortar locating reconnaissance radar","Radars"
"453","48Ya6-K1 Podlet-K1 low-altitude S-band surveillance radar","Radars"
"454","9S18 Kupol TUBE ARM Search and Acquisition Radar for Buk-M2","Radars"
"455","9S18M1(-M2) (for Buk-M2)","Radars"
"456","9S18M1(-M3) (for Buk-M3)","Radars"
"457","9S36 (for Buk-M2)","Radars"
"458","Fara ground surveillance radar","Radars"
"459","P-18-2 2D VHF surveillance radar","Radars"
"460","P-18T","Radars"
"461","PPRU-1(M) '9S80(-1)' 'Sborka' (for 9K35 Strela-10)","Radars"
"462","SNAR-10M1 battlefield surveillance radar","Radars"
"463","Unknown radar","Radars"
"464","1B44-1 (RPMK-1) radiosonde weather radar","Radars And Communications Equipment"
"465","AN/TPQ-36 weapons location radar","Radars And Communications Equipment"
"466","AN/TPQ-37 weapons location radar","Radars And Communications Equipment"
"467","ARTHUR counter-battery radar","Radars And Communications Equipment"
"468","ST-68U radar","Radars And Communications Equipment"
"469","1L22 'Parol'","Radars And Communications Equipment"
"470","36D6 'Tin Shield'","Radars And Communications Equipment"
"471","5N63-1 'Flap Lid A' on 40V6M mast (for S-300PT)","Radars And Communications Equipment"
"472","5N63S 'Flap Lid B' (for S-300PS)","Radars And Communications Equipment"
"473","5N66M 'Clam Shell' on 40V6M mast (for S-300PT)","Radars And Communications Equipment"
"474","AN/TPQ-36 lightweight counter mortar radar","Radars And Communications Equipment"
"475","AN/TPQ-49 lightweight counter mortar radar","Radars And Communications Equipment"
"476","P-14 'Tall King'","Radars And Communications Equipment"
"477","P-18 'Malakhit'","Radars And Communications Equipment"
"478","P-18 'Spoon Rest D'","Radars And Communications Equipment"
"479","P-18ML long-range VHF surveillance radar","Radars And Communications Equipment"
"480","P-19 'Flat Face B'","Radars And Communications Equipment"
"481","P-35/37 'Bar Lock'","Radars And Communications Equipment"
"482","PRV-11 'Side Net'","Radars And Communications Equipment"
"483","PRV-13 'Odd Pair'","Radars And Communications Equipment"
"484","PRV-16 'Thin Skin B'","Radars And Communications Equipment"
"485","PRV-16ML height-finder radar","Radars And Communications Equipment"
"486","R-410-7,5 tropospheric radio relay communication station","Radars And Communications Equipment"
"487","SNAR-10 battlefield surveillance radar","Radars And Communications Equipment"
"488","Granat-3","Reconnaissance Unmanned Aerial Vehicles"
"489","Orlik","Reconnaissance Unmanned Aerial Vehicles"
"490","Poseidon H10","Reconnaissance Unmanned Aerial Vehicles"
"491","Shark","Reconnaissance Unmanned Aerial Vehicles"
"492","Eleron T28ME","Reconnaissance Unmanned Aerial Vehicles"
"493","Eleron-3","Reconnaissance Unmanned Aerial Vehicles"
"494","Forpost","Reconnaissance Unmanned Aerial Vehicles"
"495","Granat-4","Reconnaissance Unmanned Aerial Vehicles"
"496","Grifon-12","Reconnaissance Unmanned Aerial Vehicles"
"497","Lastochka-M","Reconnaissance Unmanned Aerial Vehicles"
"498","Merlin-VR","Reconnaissance Unmanned Aerial Vehicles"
"499","Orlan-10","Reconnaissance Unmanned Aerial Vehicles"
"500","Orlan-10 'Moskit' jamming UAV","Reconnaissance Unmanned Aerial Vehicles"
"501","Orlan-10 jamming UAV","Reconnaissance Unmanned Aerial Vehicles"
"502","Orlan-20' ''Kartograf''","Reconnaissance Unmanned Aerial Vehicles"
"503","Orlan-30","Reconnaissance Unmanned Aerial Vehicles"
"504","Supercam S150","Reconnaissance Unmanned Aerial Vehicles"
"505","Supercam S350","Reconnaissance Unmanned Aerial Vehicles"
"506","Takhion","Reconnaissance Unmanned Aerial Vehicles"
"507","Unknown reconnaissance UAV","Reconnaissance Unmanned Aerial Vehicles"
"509","ZALA 421-16E2","Reconnaissance Unmanned Aerial Vehicles"
"510","ZALA 421-16EM","Reconnaissance Unmanned Aerial Vehicles"
"511","BTR-ZD","Self-Propelled Anti-Aircraft Guns"
"512","2K22M Tunguska-M","Self-Propelled Anti-Aircraft Guns"
"513","2K22M1 Tunguska","Self-Propelled Anti-Aircraft Guns"
"514","BTR-ZD Skrezhet","Self-Propelled Anti-Aircraft Guns"
"515","ZSU-23-4 Shilka","Self-Propelled Anti-Aircraft Guns"
"519","9P148 Konkurs","Self-Propelled Anti-Tank Missile Systems"
"520","9P148 Konkurs ATGM carrier","Self-Propelled Anti-Tank Missile Systems"
"521","9P149 Shturm-S","Self-Propelled Anti-Tank Missile Systems"
"522","9P149 Shturm-S ATGM carrier","Self-Propelled Anti-Tank Missile Systems"
"523","9P163M-1 Kornet-T","Self-Propelled Anti-Tank Missile Systems"
"524","152mm ShKH vz. 77 DANA","Self-Propelled Artillery"
"525","155mm M109A3/A4/A5","Self-Propelled Artillery"
"526","120mm 2S23 Nona-SVK","Self-Propelled Artillery"
"527","120mm 2S34 Khosta","Self-Propelled Artillery"
"528","120mm 2S9 Nona","Self-Propelled Artillery"
"532","120mm Bars-8MMK","Self-Propelled Artillery"
"533","120mm BTR-3M2","Self-Propelled Artillery"
"534","122mm 2S1 Gvozdika","Self-Propelled Artillery"
"538","152mm 2S19 Msta-S","Self-Propelled Artillery"
"542","152mm 2S3 Akatsiya","Self-Propelled Artillery"
"543","152mm 2S3(M) Akatsiya","Self-Propelled Artillery"
"544","152mm 2S33 Msta-SM2","Self-Propelled Artillery"
"545","152mm 2S5 Giatsint-S","Self-Propelled Artillery"
"549","155mm AHS Krab","Self-Propelled Artillery"
"550","155mm Caesar","Self-Propelled Artillery"
"551","155mm M109A3GN","Self-Propelled Artillery"
"552","155mm Panzerhaubitze 2000","Self-Propelled Artillery"
"553","155mm ShKH Zuzana 2","Self-Propelled Artillery"
"554","203mm 2S7 Pion","Self-Propelled Artillery"
"555","203mm 2S7M Malka","Self-Propelled Artillery"
"556","240mm 2S4 Tyulpan","Self-Propelled Artillery"
"557","Unknown SPG","Self-Propelled Artillery"
"561","5P85SM2-01 (launcher for S-400)","Surface-To-Air Missile Systems"
"562","9A83M2 (launcher for S-300V4)","Surface-To-Air Missile Systems"
"563","9K331MDT Tor-M2DT","Surface-To-Air Missile Systems"
"564","Launcher for S-300","Surface-To-Air Missile Systems"
"565","Stormer HVM","Surface-To-Air Missile Systems"
"566","5P851A (launcher for S-300PT)","Surface-To-Air Missile Systems"
"567","5P85D (launcher for S-300PS)","Surface-To-Air Missile Systems"
"568","5P85D/S (launcher for S-300PS)","Surface-To-Air Missile Systems"
"569","5P85S (launcher for S-300PS)","Surface-To-Air Missile Systems"
"570","5P85SD/SM (launcher for S-300 PMU(-1))","Surface-To-Air Missile Systems"
"571","5P85SM (launcher for S-300 PMU-1)","Surface-To-Air Missile Systems"
"572","9A310M1 TELAR (for Buk-M1)","Surface-To-Air Missile Systems"
"573","9A310M1-2 TELAR (for Buk-M1-2)","Surface-To-Air Missile Systems"
"574","9A316 TEL (for Buk-M2)","Surface-To-Air Missile Systems"
"575","9A317 TELAR (for Buk-M2)","Surface-To-Air Missile Systems"
"576","9A330 Tor TLAR (for 9K330 Tor)","Surface-To-Air Missile Systems"
"577","9A331 TLAR (for 9K331 Tor-M1)","Surface-To-Air Missile Systems"
"578","9A331M TLAR (for 9K332 Tor-M2)","Surface-To-Air Missile Systems"
"579","9A39M1 TEL (for Buk-M1)","Surface-To-Air Missile Systems"
"580","9A39M1-2 TEL (for Buk-M1-2)","Surface-To-Air Missile Systems"
"581","9K35 Strela-10","Surface-To-Air Missile Systems"
"585","Pantsir-S1","Surface-To-Air Missile Systems"
"586","Unknown Buk SAM system","Surface-To-Air Missile Systems"
"587","T-62M Obr. 2022","Tanks"
"588","T-72B Obr. 2022","Tanks"
"589","T-72EA","Tanks"
"590","T-80BVM Obr. 2022","Tanks"
"591","T-90AK","Tanks"
"592","T-62 Obr. 1967","Tanks"
"593","T-62M","Tanks"
"594","T-62MV","Tanks"
"595","T-64A","Tanks"
"599","T-64B","Tanks"
"600","T-64B1M","Tanks"
"601","T-64BM 'Bulat'","Tanks"
"602","T-64BM2 'Bulat'","Tanks"
"603","T-64BV","Tanks"
"607","T-64BV Zr. 2017","Tanks"
"608","T-64BVK","Tanks"
"609","T-72 'Ural'","Tanks"
"610","T-72A","Tanks"
"611","T-72AMT","Tanks"
"612","T-72AV","Tanks"
"616","T-72B","Tanks"
"620","T-72B Obr. 1989","Tanks"
"621","T-72B3","Tanks"
"622","T-72B3 Obr. 2014","Tanks"
"623","T-72B3 Obr. 2016","Tanks"
"624","T-72BA","Tanks"
"625","T-72M/M1(R)","Tanks"
"626","T-80BV","Tanks"
"630","T-80BVK","Tanks"
"631","T-80BVM","Tanks"
"632","T-80U","Tanks"
"633","T-80UE-1","Tanks"
"634","T-80UK","Tanks"
"635","T-80UM2","Tanks"
"636","T-90A","Tanks"
"637","T-90M","Tanks"
"638","T-90S","Tanks"
"639","Unknown T-64","Tanks"
"640","Unknown T-72","Tanks"
"642","Unknown T-80","Tanks"
"643","Unknown tank","Tanks"
"647","120mm 2B16 Nona-K gun mortar","Towed Artillery"
"648","130mm M-46 field gun","Towed Artillery"
"649","82mm 2B9 Vasilek automatic gun mortar","Towed Artillery"
"650","82mm 2B9 Vasilek MT-LB-based automatic gun mortar","Towed Artillery"
"651","100mm BS-3 anti-tank gun","Towed Artillery"
"652","100mm MT-12 anti-tank gun","Towed Artillery"
"656","105mm L119 howitzer","Towed Artillery"
"657","120mm 2B16 Nona-K howitzer","Towed Artillery"
"658","122mm D-30 howitzer","Towed Artillery"
"662","152mm 2A36 Giatsint-B","Towed Artillery"
"663","152mm 2A36 Giatsint-B field-gun","Towed Artillery"
"665","152mm 2A65 Msta-B howitzer","Towed Artillery"
"669","152mm D-20 gun-howitzer","Towed Artillery"
"671","155mm FH-70","Towed Artillery"
"672","155mm M777A2 howitzer","Towed Artillery"
"673","2B9 Vasilek 82mm automatic gun mortar","Towed Artillery"
"674","Unknown towed artillery","Towed Artillery"
"678","Bogdan-2251 ambulance pickup truck","Trucks, Vehicles and Jeeps"
"679","Bogdan-5316","Trucks, Vehicles and Jeeps"
"680","GAZ-66 tanker","Trucks, Vehicles and Jeeps"
"681","Ural tanker","Trucks, Vehicles and Jeeps"
"682","Ural-375D tanker","Trucks, Vehicles and Jeeps"
"683","Ural-375D with 8T210 crane","Trucks, Vehicles and Jeeps"
"684","Ural-4320 with EOV-3521 excavator","Trucks, Vehicles and Jeeps"
"685","Ural-VV","Trucks, Vehicles and Jeeps"
"686","(Unknown) vehicle","Trucks, Vehicles and Jeeps"
"687","6 Ural tanker","Trucks, Vehicles and Jeeps"
"688","9K33 Osa","Trucks, Vehicles and Jeeps"
"692","9T217 transloader (for 9K33 Osa)","Trucks, Vehicles and Jeeps"
"696","9T244 transloader (for 9A330/1 Tor)","Trucks, Vehicles and Jeeps"
"697","Armed pickup truck","Trucks, Vehicles and Jeeps"
"698","Armed tactical buggy","Trucks, Vehicles and Jeeps"
"699","Armoured KrAZ-6322","Trucks, Vehicles and Jeeps"
"700","Armoured Volkswagen Amarok pickup truck","Trucks, Vehicles and Jeeps"
"701","Bogdan-2351 ambulance pickup truck","Trucks, Vehicles and Jeeps"
"702","Bogdan-63172","Trucks, Vehicles and Jeeps"
"703","Bogdan-63172 'Kozak'","Trucks, Vehicles and Jeeps"
"704","Civilian KamAZ 6x6 converted for military use","Trucks, Vehicles and Jeeps"
"705","FMTV M1083A1P2","Trucks, Vehicles and Jeeps"
"706","Ford Ranger","Trucks, Vehicles and Jeeps"
"707","GAZ Sobol","Trucks, Vehicles and Jeeps"
"708","GAZ-3308","Trucks, Vehicles and Jeeps"
"712","GAZ-51","Trucks, Vehicles and Jeeps"
"713","GAZ-63","Trucks, Vehicles and Jeeps"
"714","GAZ-66","Trucks, Vehicles and Jeeps"
"718","KamAZ","Trucks, Vehicles and Jeeps"
"720","KamAZ 4x4","Trucks, Vehicles and Jeeps"
"721","KamAZ 6x6","Trucks, Vehicles and Jeeps"
"723","KamAZ 6x6 tanker","Trucks, Vehicles and Jeeps"
"725","KamAZ 8x8","Trucks, Vehicles and Jeeps"
"726","KamAZ Avtozaks","Trucks, Vehicles and Jeeps"
"727","KamAZ with MM-501 armoured cabin","Trucks, Vehicles and Jeeps"
"728","KamAZ-395800 'Gorets'","Trucks, Vehicles and Jeeps"
"729","KamAZ-5350 with armoured cabin","Trucks, Vehicles and Jeeps"
"730","KamAZ-6350 8x8 artillery tractor","Trucks, Vehicles and Jeeps"
"731","KrAZ-255B","Trucks, Vehicles and Jeeps"
"733","KrAZ-255B tanker","Trucks, Vehicles and Jeeps"
"734","KrAZ-260 tanker","Trucks, Vehicles and Jeeps"
"735","KrAZ-5233","Trucks, Vehicles and Jeeps"
"736","KrAZ-6322","Trucks, Vehicles and Jeeps"
"737","Land Rover Defender","Trucks, Vehicles and Jeeps"
"738","LuAZ-969","Trucks, Vehicles and Jeeps"
"739","MAZ AC-8-500A Tanker","Trucks, Vehicles and Jeeps"
"740","MAZ-5316","Trucks, Vehicles and Jeeps"
"741","MAZ-5337 fuel tanker","Trucks, Vehicles and Jeeps"
"742","MAZ-537","Trucks, Vehicles and Jeeps"
"743","Mercedes-Benz Unimog U1300L ambulance","Trucks, Vehicles and Jeeps"
"744","Peugeot P4","Trucks, Vehicles and Jeeps"
"745","Pinzgauer Vector 718","Trucks, Vehicles and Jeeps"
"746","UAZ Patriot jeep","Trucks, Vehicles and Jeeps"
"747","UAZ-23632 pickup truck","Trucks, Vehicles and Jeeps"
"748","UAZ-23632-148-64 armed pickup truck","Trucks, Vehicles and Jeeps"
"749","UAZ-31514","Trucks, Vehicles and Jeeps"
"750","UAZ-394511 Esaul","Trucks, Vehicles and Jeeps"
"751","UAZ-452 van","Trucks, Vehicles and Jeeps"
"755","UAZ-469 jeep","Trucks, Vehicles and Jeeps"
"759","UAZ-515195 'Esaul'","Trucks, Vehicles and Jeeps"
"760","Unknown fuel tanker","Trucks, Vehicles and Jeeps"
"761","Unknown tanker","Trucks, Vehicles and Jeeps"
"762","Unknown truck","Trucks, Vehicles and Jeeps"
"763","Unknown vehicle","Trucks, Vehicles and Jeeps"
"764","Ural Federal","Trucks, Vehicles and Jeeps"
"765","Ural-375D","Trucks, Vehicles and Jeeps"
"767","Ural-4320","Trucks, Vehicles and Jeeps"
"771","Ural-4320 tanker","Trucks, Vehicles and Jeeps"
"772","Ural-43206","Trucks, Vehicles and Jeeps"
"773","Ural-5323","Trucks, Vehicles and Jeeps"
"774","Ural-542301 tank transporter","Trucks, Vehicles and Jeeps"
"775","Ural-63704-0010 Tornado-U","Trucks, Vehicles and Jeeps"
"776","ZiL-130","Trucks, Vehicles and Jeeps"
"777","ZiL-130 tanker","Trucks, Vehicles and Jeeps"
"778","ZiL-131","Trucks, Vehicles and Jeeps"
"782","ZiL-131 tanker","Trucks, Vehicles and Jeeps"
"784","ZiL-157","Trucks, Vehicles and Jeeps"
"785","ZiL-181","Trucks, Vehicles and Jeeps"
"786","ZiL-4331","Trucks, Vehicles and Jeeps"
"787","Jelcz P882 D53","Trucks, Vehicles and Jeeps"
"788","17 Ural-375D","Trucks, Vehicles and Jeeps"
"789","MAZ TZ-500 tanker","Trucks, Vehicles and Jeeps"
"790","Ural Avtozaks","Trucks, Vehicles and Jeeps"
"791","(Unknown) truck","Unknown"
"792","A1-SM Fury","Unmanned Aerial Vehicles"
"793","AeroVironment RQ-20 Puma","Unmanned Aerial Vehicles"
"794","ASU-1 Valkyrja","Unmanned Aerial Vehicles"
"795","Bayraktar Mini","Unmanned Aerial Vehicles"
"796","FlyEye","Unmanned Aerial Vehicles"
"797","ITEC Skif","Unmanned Aerial Vehicles"
"798","Leleka-100","Unmanned Aerial Vehicles"
"799","Malloy Aeronautics T150 cargo UAV","Unmanned Aerial Vehicles"
"800","Orlik UAV","Unmanned Aerial Vehicles"
"801","PD-1","Unmanned Aerial Vehicles"
"802","Penguin C","Unmanned Aerial Vehicles"
"803","Shark UAV","Unmanned Aerial Vehicles"
"804","Spaitech Sparrow","Unmanned Aerial Vehicles"
"805","Spectator-M1","Unmanned Aerial Vehicles"
"806","UJ-22","Unmanned Aerial Vehicles"
"807","Unknown reconnaissance UAV","Unmanned Aerial Vehicles"
"809","Forpost-RU","Unmanned Combat Aerial Vehicles"
"810","Bayraktar TB2 UCAV","Unmanned Combat Aerial Vehicles"
"811","Korsar","Unmanned Combat Aerial Vehicles"
"812","Mohajer-6","Unmanned Combat Aerial Vehicles"
"813","Orion","Unmanned Combat Aerial Vehicles"
"814","Orlan-10 UCAV","Unmanned Combat Aerial Vehicles"
